{
  "vocabulary": {
    "c": 2,
    "program": 16,
    "files": 6,
    "microsoft": 14,
    "0": 0,
    "exe": 5,
    "type": 18,
    "utility": 19,
    "no": 15,
    "handle": 10,
    "i": 11,
    "resources": 17,
    "bin": 1,
    "git": 9,
    "g": 8,
    "docker": 4,
    "json": 12,
    "ls": 13,
    "format": 7,
    "context": 3
  },
  "idf": [
    3.5149714036287594,
    2.004967388182846,
    1.611084244348294,
    2.265152211177405,
    2.160027572392945,
    1.5435230123327803,
    1.7489167188722072,
    2.2156884194984987,
    5.246832731275745,
    3.052195477504477,
    3.729918187738791,
    3.8781341320462346,
    2.2569313780325477,
    2.2604463201399922,
    3.102670998914738,
    3.7350332884055613,
    1.7818238368686363,
    2.052440238573011,
    3.872234409919046,
    3.9142826461625457
  ],
  "max_features": 20,
  "lowercase": true,
  "token_pattern": "\\b\\w+\\b"
}