{
  "mean": [
    3.5629161118508654,
    10.749001331557922,
    2.0,
    0.0,
    0.0,
    1.0,
    0.3193551436353769,
    -0.940850953263605,
    0.9749279121818238,
    -0.2225209339563143,
    0.07190412782956059,
    33.61584553928096,
    5.3881491344873504,
    0.010985352862849533,
    0.0019973368841544607,
    0.0,
    2859.323568575233,
    394.6138482023968,
    51.904127829560586,
    0.06295255518273932,
    0.0327287984903703,
    0.06598000044546441,
    0.05565152088839057,
    0.0657911966301707,
    0.03836706974957456,
    0.1128222625686884,
    0.17657092670624924,
    0.07168013690626637,
    0.2683340519270095,
    0.17711922651398773,
    0.14816082619789867,
    0.09431799874104599,
    0.03733817791755915,
    0.0657911966301707,
    0.10653496944470968,
    0.14816082619789867,
    0.056086235698017135,
    0.09899839776622883,
    0.03836706974957456,
    0.03836706974957456,
    0.03836706974957456,
    0.03836706974957456,
    0.03733817791755915,
    0.06598000044546441,
    0.03733817791755915,
    0.03836706974957456,
    0.040931549813955415,
    0.06284505695340624,
    0.09206081694860686,
    0.0317236582682522,
    0.09392760982019789,
    0.14130137940614124,
    0.07120935479838357,
    0.22657069900046503,
    0.13745239908535728,
    0.09213700875403806,
    0.07150387244903039,
    0.013103004523815768,
    0.0708538094813968,
    0.038070899693220715,
    0.019711664997075582,
    0.0712099522720196,
    0.07140050639365536,
    0.03539451483866003,
    0.01840427302108587,
    0.09242525464191564,
    0.07842485501600666,
    0.030468419605864154,
    0.020164803609797055
  ],
  "scale": [
    4.842427505507123,
    0.4335877499219522,
    1.0,
    1.0,
    1.0,
    1.0,
    0.10457310755802575,
    0.04331559941003466,
    1.0,
    1.0,
    0.4602974449337315,
    23.296007311166452,
    6.146985071488606,
    0.10423375118131468,
    0.044646920717174396,
    1.0,
    444.73585253018143,
    307.79076953490727,
    140.04073545278445,
    0.19388220344890875,
    0.09456750030340848,
    0.11306771577737947,
    0.11424224995903458,
    0.11289219037489306,
    0.09442356811814531,
    0.14221909227157808,
    0.149046912362687,
    0.2024582500504011,
    0.40487866363215924,
    0.15038553367165713,
    0.13555482283006562,
    0.2640453766372346,
    0.09365306849516775,
    0.11289219037489306,
    0.1637313517519875,
    0.13555482283006562,
    0.10481635406866306,
    0.10894824541454999,
    0.09442356811814531,
    0.09442356811814531,
    0.09442356811814531,
    0.09442356811814531,
    0.09365306849516775,
    0.11306771577737947,
    0.09365306849516775,
    0.09442356811814531,
    0.11303407005254128,
    0.1370003097650391,
    0.26161359393581,
    0.14133479613394423,
    0.13980548580874347,
    0.19082003256002175,
    0.11527360209097699,
    0.3365636827962246,
    0.186085578782757,
    0.10879308975510071,
    0.11082284283483133,
    0.11022849858858323,
    0.20920040485932648,
    0.1507387460179976,
    0.08145005582153178,
    0.11416288383924401,
    0.1141429076751201,
    0.11860598361422847,
    0.07270722407943717,
    0.10986990530488355,
    0.10991804864215703,
    0.1255834021589275,
    0.08471490083033344
  ],
  "var": [
    23.449104146091937,
    0.18799833688238135,
    0.0,
    0.0,
    0.0,
    0.0,
    0.010935534824342423,
    0.0018762411522505952,
    0.0,
    0.0,
    0.21187373781252156,
    542.7039566419209,
    37.785425469103785,
    0.01086467488532822,
    0.0019933475295256563,
    0.0,
    197789.97852574728,
    94735.1578108904,
    19611.40758615676,
    0.03759030881420404,
    0.008943012113635162,
    0.012784308351114264,
    0.013051291675702537,
    0.012744646647641099,
    0.008915810216162027,
    0.020226270206551638,
    0.0222149820848505,
    0.04098934301347074,
    0.16392673226456314,
    0.02261580873770912,
    0.018375109992490483,
    0.06971996092349908,
    0.008770897238560582,
    0.012744646647641099,
    0.026807955546533063,
    0.018375109992490483,
    0.01098646808024734,
    0.011869720178909013,
    0.008915810216162027,
    0.008915810216162027,
    0.008915810216162027,
    0.008915810216162027,
    0.008770897238560582,
    0.012784308351114264,
    0.008770897238560582,
    0.008915810216162027,
    0.01277670099264281,
    0.018769084875716668,
    0.0684416725320109,
    0.019975524598223573,
    0.01954557386221877,
    0.03641228482620776,
    0.013288003339028897,
    0.11327511257735769,
    0.03462784263091366,
    0.011835936378461401,
    0.012281702493993728,
    0.012150321901093294,
    0.04376480939330611,
    0.022722169551078388,
    0.006634111593330643,
    0.013033164046492723,
    0.01302860337253099,
    0.014067379349098632,
    0.005286340433337487,
    0.01207139609170408,
    0.012081977417299597,
    0.015771190897810913,
    0.007176614422693228
  ],
  "n_features": 69,
  "n_samples_seen": 3004
}